{
  "x": 22.796875,
  "y": 1371.171875,
  "width": 116.5390625,
  "height": 38
}