{
  "height": 38,
  "width": 117,
  "x": 22.796875,
  "y": 1371.171875
}